"ID","選手名","よみがな","球団","現役","音楽ファイル名","メロディーMIDA","コードMIDA","ベースMIDA","MIDI合計Zip","GarageBandZip","拍調整","歌詞","選手別応援歌番号"
1,"天野浩一","あまのこういち","広島東洋カープ",0,"データ/天野浩一/天野浩一.m4a","データ/天野浩一/天野浩一_メロディー.mid","データ/天野浩一/天野浩一_コード進行.mid","データ/天野浩一/天野浩一_ベース.mid","データ/天野浩一/天野浩一_MIDI.zip","データ/天野浩一/天野浩一.zip",0,"海渡る風の中\n心躍る理想の国へ\n共に旅立とう\n金色の未来",1
2,"堂林翔太","どうばやししょうた","広島東洋カープ",1,"データ/堂林翔太/堂林翔太.m4a","データ/堂林翔太/堂林翔太_メロディー.mid","データ/堂林翔太/堂林翔太_コード進行.mid","データ/堂林翔太/堂林翔太_ベース.mid","データ/堂林翔太/堂林翔太_MIDI.zip","データ/堂林翔太/堂林翔太.zip",0,"光り輝く その道を\n翔けぬけて魅せろ\n堂林SHOW TIME!",1
3,"細川凌平","ほそかわりょうへい","北海道日本ハムファイターズ",1,"データ/細川凌平/細川凌平.m4a","データ/細川凌平/細川凌平_メロディー.mid","データ/細川凌平/細川凌平_コード進行.mid","データ/細川凌平/細川凌平_ベース.mid","データ/細川凌平/細川凌平_MIDI.zip","データ/細川凌平/細川凌平.zip",0,"さあ行くぞ かっ飛ばせ\nフィールド駆けろ\n煌びやかな栄冠を\n掴むぞ凌平",1
4,"秋山翔吾（C）","あきやましょうご","広島東洋カープ",1,"データ/秋山翔吾（C）/秋山翔吾.m4a","データ/秋山翔吾（C）/秋山翔吾_メロディー.mid","データ/秋山翔吾（C）/秋山翔吾_コード進行.mid","データ/秋山翔吾（C）/秋山翔吾_ベース.mid","データ/秋山翔吾（C）/秋山翔吾_MIDI.zip","データ/秋山翔吾（C）/秋山翔吾.zip",2,"アキのチカラ　
見せろ吠えろ放て
虹の尾ひく打球で 
勲章掴むまで",2
5,"秋山翔吾（L）","あきやましょうご","埼玉西武ライオンズ",0,"データ/秋山翔吾（L）/秋山翔吾.m4a","データ/秋山翔吾（L）/秋山翔吾_メロディー.mid","データ/秋山翔吾（L）/秋山翔吾_コード進行.mid","データ/秋山翔吾（L）/秋山翔吾_ベース.mid","データ/秋山翔吾（L）/秋山翔吾_MIDI.zip","データ/秋山翔吾（L）/秋山翔吾.zip",0,"勝利を呼び込む 
風になれ 
全てを越えろ 
秋山翔吾",1
